PRI_FIRSTNAME:First Name,PRI_LASTNAME:Last Name,PRI_MIDDLENAME:Middle Name,PRI_PREFERREDNAME:Preferred Name,PRI_IMAGE:Photo,PRI_CONTACTADDRESS:Contact Address,PRI_DOB:Date of Birth,PRI_EMAIL:EmailAddress,PRI_PASSWORD:Password,PRI_GENDER:Gender,PRI_RESIDENCY:Residency Status,PRI_BRIEFDESCRIPTION:Brief Description,PRI_RESUME:Resume,PRI_EDUCATION:Education,PRI_QUALIFICATIONS:Qalifications,PRI_SKILLS:Skills,PRI_CERTIFICATES:Certificates,PRI_CAR:Access to Vehicle,PRI_LANGUAGES:Languages,PRI_OTHER:Other
Dona,Blackmore,,Dona,,,9/3/1987,,,,,,,,,,,,,
Meehan,Snell,,Meehan,,,9/4/1987,,,,,,,,,,,,,
Linnea,Tan,,Linnea,,,9/5/1987,,,,,,,,,,,,,
Manbir,Player,,Manbir,,,9/6/1987,,,,,,,,,,,,,
Raj,Kim,,Raj,,,9/7/1987,,,,,,,,,,,,,
Arnie,Dennis,,Arnie,,,9/8/1987,,,,,,,,,,,,,
Angus,Payagala,,Angus,,,9/9/1987,,,,,,,,,,,,,
Paras,Michael,,Paras,,,9/10/1987,,,,,,,,,,,,,
Zhodi,Waestberg,,Zhodi,,,9/11/1987,,,,,,,,,,,,,
Ravsher Singh,Singh,,Ravsher Singh,,,9/12/1987,,,,,,,,,,,,,
Marvi,Ramadge,,Marvi,,,9/13/1987,,,,,,,,,,,,,
Muhammad,Tuchtan,,Muhammad,,,9/14/1987,,,,,,,,,,,,,
Kishore Kumar,McWhirter,,Kishore Kumar,,,9/15/1987,,,,,,,,,,,,,
Arshpreet Singh,Gakhar,,Arshpreet Singh,,,9/16/1987,,,,,,,,,,,,,
VireshKumar Kantilal,Tesfa,,VireshKumar Kantilal,,,9/17/1987,,,,,,,,,,,,,
Santhosh,Aulakh,,Santhosh,,,9/18/1987,,,,,,,,,,,,,
Mujun,ISRAR,,Mujun,,,9/19/1987,,,,,,,,,,,,,
Sadiq Muhammad,Kaleem,,Sadiq Muhammad,,,9/20/1987,,,,,,,,,,,,,
Karanbir,DUGGU,,Karanbir,,,9/21/1987,,,,,,,,,,,,,
Purna Chandra Rao,VIRK,,Purna Chandra Rao,,,9/22/1987,,,,,,,,,,,,,
Yilian,PATEL,,Yilian,,,9/23/1987,,,,,,,,,,,,,
Raghavendhra Reddy,VARIKOTI,,Raghavendhra Reddy,,,9/24/1987,,,,,,,,,,,,,
Satvinder,HE,,Satvinder,,,9/25/1987,,,,,,,,,,,,,
Ronak Motilal,RAJANI,,Ronak Motilal,,,9/26/1987,,,,,,,,,,,,,
Abhilash,SINGH,,Abhilash,,,9/27/1987,,,,,,,,,,,,,
Bijalben,BANDLA,,Bijalben,,,9/28/1987,,,,,,,,,,,,,
Guangshan,WANG,,Guangshan,,,9/29/1987,,,,,,,,,,,,,
Imran,TIPPANA,,Imran,,,9/30/1987,,,,,,,,,,,,,
Manraj,SINGH,,Manraj,,,10/1/1987,,,,,,,,,,,,,
Aqeel,PUROHIT,,Aqeel,,,10/2/1987,,,,,,,,,,,,,
Bal Binod,MANEGAR,,Bal Binod,,,10/3/1987,,,,,,,,,,,,,
Bishal,SONI,,Bishal,,,10/4/1987,,,,,,,,,,,,,
Bhaskar Reddy,LI,,Bhaskar Reddy,,,10/5/1987,,,,,,,,,,,,,
Muhammad Fahim,HAMID,,Muhammad Fahim,,,10/6/1987,,,,,,,,,,,,,
Manpreet,SINGH,,Manpreet,,,10/7/1987,,,,,,,,,,,,,
Aditya,YOUSAF,,Aditya,,,10/8/1987,,,,,,,,,,,,,
Muhammad Usaid,BHAILA,,Muhammad Usaid,,,10/9/1987,,,,,,,,,,,,,
Azadwinder,REGMI,,Azadwinder,,,10/10/1987,,,,,,,,,,,,,
Ankita,KANDUKURI,,Ankita,,,10/11/1987,,,,,,,,,,,,,
Imran,KHAN LEGARI,,Imran,,,10/12/1987,,,,,,,,,,,,,
Aditya,KAUR,,Aditya,,,10/13/1987,,,,,,,,,,,,,
Hafiz Muhammad,VEMULA,,Hafiz Muhammad,,,10/14/1987,,,,,,,,,,,,,
Prabhjeet,KHAN,,Prabhjeet,,,10/15/1987,,,,,,,,,,,,,
Shah,Singh,,Shah,,,10/16/1987,,,,,,,,,,,,,
Mandip,N/A,,Mandip,,,10/17/1987,,,,,,,,,,,,,
Veronica Sarah,KHAN,,Veronica Sarah,,,10/18/1987,,,,,,,,,,,,,
Inderjeet Singh,MARWAHA,,Inderjeet Singh,,,10/19/1987,,,,,,,,,,,,,
Archit,ALEEM,,Archit,,,10/20/1987,,,,,,,,,,,,,
Mandeep,SINGH,,Mandeep,,,10/21/1987,,,,,,,,,,,,,
Jaspinder,MUHAMMAD,,Jaspinder,,,10/22/1987,,,,,,,,,,,,,
Pargat Singh,KAUR,,Pargat Singh,,,10/23/1987,,,,,,,,,,,,,
Abhishek,DAVIS,,Abhishek,,,10/24/1987,,,,,,,,,,,,,
Hammad Gul,GREWAL,,Hammad Gul,,,10/25/1987,,,,,,,,,,,,,
Kamal Chander,Gupta,,Kamal Chander,,,10/26/1987,,,,,,,,,,,,,
Navneet,SINGH,,Navneet,,,10/27/1987,,,,,,,,,,,,,
Siva Krishna,KAUR,,Siva Krishna,,,10/28/1987,,,,,,,,,,,,,
Laura,SANDHU,,Laura,,,10/29/1987,,,,,,,,,,,,,
Austin,GULATI,,Austin,,,10/30/1987,,,,,,,,,,,,,
Mark,KHAN,,Mark,,,10/31/1987,,,,,,,,,,,,,
Earle,MOTWANI,,Earle,,,11/1/1987,,,,,,,,,,,,,
Hieu,KAUR,,Hieu,,,11/2/1987,,,,,,,,,,,,,
David,KAVURI,,David,,,11/3/1987,,,,,,,,,,,,,
Mei,Kate Blackmore,,Mei,,,11/4/1987,,,,,,,,,,,,,
Mei,Kijagulu,,Mei,,,11/5/1987,,,,,,,,,,,,,
Steve,Wengritzky,,Steve,,,11/6/1987,,,,,,,,,,,,,
Andrew,Harper,,Andrew,,,11/7/1987,,,,,,,,,,,,,
Dennis,Chau,,Dennis,,,11/8/1987,,,,,,,,,,,,,
Sally,Duffield,,Sally,,,11/9/1987,,,,,,,,,,,,,
Carlo,Ling Doery,,Carlo,,,11/10/1987,,,,,,,,,,,,,
Cliff,Doery,,Cliff,,,11/11/1987,,,,,,,,,,,,,
Allie,Ling Xin Huang,,Allie,,,11/12/1987,,,,,,,,,,,,,
Chris,Johnson,,Chris,,,11/13/1987,,,,,,,,,,,,,
Ay,Sango,,Ay,,,11/14/1987,,,,,,,,,,,,,
Vera,Coyle,,Vera,,,11/15/1987,,,,,,,,,,,,,
Debbie,Santoro,,Debbie,,,11/16/1987,,,,,,,,,,,,,
Coby,Elliott,,Coby,,,11/17/1987,,,,,,,,,,,,,
Frank,Hilmer,,Frank,,,11/18/1987,,,,,,,,,,,,,
Rachael,Thompson,,Rachael,,,11/19/1987,,,,,,,,,,,,,
Katia,Giok Khoe,,Katia,,,11/20/1987,,,,,,,,,,,,,
Sue,Chan,,Sue,,,11/21/1987,,,,,,,,,,,,,
Gavin,Green,,Gavin,,,11/22/1987,,,,,,,,,,,,,
Paul,Liew,,Paul,,,11/23/1987,,,,,,,,,,,,,
Abraham,Costa,,Abraham,,,11/24/1987,,,,,,,,,,,,,
Troy,Powell,,Troy,,,11/25/1987,,,,,,,,,,,,,
Bella,Ostapets,,Bella,,,11/26/1987,,,,,,,,,,,,,
Laura,McGill,,Laura,,,11/27/1987,,,,,,,,,,,,,
Christina,Chang,,Christina,,,11/28/1987,,,,,,,,,,,,,
Federico,Martin,,Federico,,,11/29/1987,,,,,,,,,,,,,
Kieran,McDonnell,,Kieran,,,11/30/1987,,,,,,,,,,,,,
John,Marsh,,John,,,12/1/1987,,,,,,,,,,,,,
Anish,Boge-Nielsen,,Anish,,,12/2/1987,,,,,,,,,,,,,
Pierre,Hougas,,Pierre,,,12/3/1987,,,,,,,,,,,,,
Bhavneet Kaur,Parker,,Bhavneet Kaur,,,12/4/1987,,,,,,,,,,,,,
Peter Yue,Martinez,,Peter Yue,,,12/5/1987,,,,,,,,,,,,,
Issha,Smith,,Issha,,,12/6/1987,,,,,,,,,,,,,
Howard,Rickard,,Howard,,,12/7/1987,,,,,,,,,,,,,
Zobair,Maharjan,,Zobair,,,12/8/1987,,,,,,,,,,,,,
Bashir Ahmad,Du Preez,,Bashir Ahmad,,,12/9/1987,,,,,,,,,,,,,
Jack,GREWAL,,Jack,,,12/10/1987,,,,,,,,,,,,,
Nino,Deng,,Nino,,,12/11/1987,,,,,,,,,,,,,
Ziggy,Steventon-Lorenzen,,Ziggy,,,12/12/1987,,,,,,,,,,,,,
Josephine,Huynh,,Josephine,,,12/13/1987,,,,,,,,,,,,,
Nischal,Yaqubi,,Nischal,,,12/14/1987,,,,,,,,,,,,,
Thomas,Husaini,,Thomas,,,12/15/1987,,,,,,,,,,,,,
Alex,Goddyn,,Alex,,,12/16/1987,,,,,,,,,,,,,
Stuart,Bekurishvili,,Stuart,,,12/17/1987,,,,,,,,,,,,,
Henry,Thornton,,Henry,,,12/18/1987,,,,,,,,,,,,,
Jesse,Robertson,,Jesse,,,12/19/1987,,,,,,,,,,,,,
Luisa,Gautam,,Luisa,,,12/20/1987,,,,,,,,,,,,,
Seneca,Oliver,,Seneca,,,12/21/1987,,,,,,,,,,,,,
Arthur,Darbyshire,,Arthur,,,12/22/1987,,,,,,,,,,,,,
Liam,Hackett,,Liam,,,12/23/1987,,,,,,,,,,,,,
James,Ja,,James,,,12/24/1987,,,,,,,,,,,,,
Eric,Thi Hlum,,Eric,,,12/25/1987,,,,,,,,,,,,,
Hadley,Hickson,,Hadley,,,12/26/1987,,,,,,,,,,,,,
Joshua,Shum,,Joshua,,,12/27/1987,,,,,,,,,,,,,
Tony,Lin,,Tony,,,12/28/1987,,,,,,,,,,,,,
Lachlan,Sell,,Lachlan,,,12/29/1987,,,,,,,,,,,,,
Luke ,Marshall,,Luke ,,,12/30/1987,,,,,,,,,,,,,
Jake,Thoroughgood,,Jake,,,12/31/1987,,,,,,,,,,,,,
Hillson,Black,,Hillson,,,1/1/1988,,,,,,,,,,,,,
Sharni Lee,Lay,,Sharni Lee,,,1/2/1988,,,,,,,,,,,,,
Michael,Luo,,Michael,,,1/3/1988,,,,,,,,,,,,,
Ali Sina,Twigg,,Ali Sina,,,1/4/1988,,,,,,,,,,,,,
Laura,Sell,,Laura,,,1/5/1988,,,,,,,,,,,,,
Georgia ,Bray-Butler,,Georgia ,,,1/6/1988,,,,,,,,,,,,,
Lucy,Ngo,,Lucy,,,1/7/1988,,,,,,,,,,,,,
Maryann,Cripps,,Maryann,,,1/8/1988,,,,,,,,,,,,,
Arnie,Sacco,,Arnie,,,1/9/1988,,,,,,,,,,,,,
Whitney ,Qasimi,,Whitney ,,,1/10/1988,,,,,,,,,,,,,
Anish,Dixon,,Anish,,,1/11/1988,,,,,,,,,,,,,
Jenny ,Sheahan,,Jenny ,,,1/12/1988,,,,,,,,,,,,,
Jasmine,Duffus,,Jasmine,,,1/13/1988,,,,,,,,,,,,,
Chris,Brown,,Chris,,,1/14/1988,,,,,,,,,,,,,
Michael,Tuchtan,,Michael,,,1/15/1988,,,,,,,,,,,,,
Jessica,James,,Jessica,,,1/16/1988,,,,,,,,,,,,,
Lucy,Maharjan,,Lucy,,,1/17/1988,,,,,,,,,,,,,
Scott,Huynh,,Scott,,,1/18/1988,,,,,,,,,,,,,
Aislinn,Gonzalez,,Aislinn,,,1/19/1988,,,,,,,,,,,,,
Alex,MacEachern,,Alex,,,1/20/1988,,,,,,,,,,,,,
Michelle,Dwyer,,Michelle,,,1/21/1988,,,,,,,,,,,,,
Tulay,Weijers,,Tulay,,,1/22/1988,,,,,,,,,,,,,
Ash,Lloyd,,Ash,,,1/23/1988,,,,,,,,,,,,,
Mitchell,Sutherland,,Mitchell,,,1/24/1988,,,,,,,,,,,,,
Nick,Villamil,,Nick,,,1/25/1988,,,,,,,,,,,,,
Mark,Webb,,Mark,,,1/26/1988,,,,,,,,,,,,,
Daniella,Keeper,,Daniella,,,1/27/1988,,,,,,,,,,,,,
Noah,Bairam,,Noah,,,1/28/1988,,,,,,,,,,,,,
M,Conway,,M,,,1/29/1988,,,,,,,,,,,,,
George,Jon Daniels,,George,,,1/30/1988,,,,,,,,,,,,,
Brad,Warren,,Brad,,,1/31/1988,,,,,,,,,,,,,
Karri,Baker,,Karri,,,2/1/1988,,,,,,,,,,,,,
Karri,Doron,,Karri,,,2/2/1988,,,,,,,,,,,,,
Karri,Shenker,,Karri,,,2/3/1988,,,,,,,,,,,,,
Karri,Rublee,,Karri,,,2/4/1988,,,,,,,,,,,,,
Rob,Fernando,,Rob,,,2/5/1988,,,,,,,,,,,,,
Karri,Kay,,Karri,,,2/6/1988,,,,,,,,,,,,,
Karri,Steele,,Karri,,,2/7/1988,,,,,,,,,,,,,
Karri,Zaremba,,Karri,,,2/8/1988,,,,,,,,,,,,,
Karri,Hedge,,Karri,,,2/9/1988,,,,,,,,,,,,,
Karri,Paavonen,,Karri,,,2/10/1988,,,,,,,,,,,,,
Cameron,Zdravevski,,Cameron,,,2/11/1988,,,,,,,,,,,,,
Peter,Golding,,Peter,,,2/12/1988,,,,,,,,,,,,,
Adam,Smisek-Walters,,Adam,,,2/13/1988,,,,,,,,,,,,,
Helen,Takki,,Helen,,,2/14/1988,,,,,,,,,,,,,
Rosemary,Wang,,Rosemary,,,2/15/1988,,,,,,,,,,,,,
Choong,Nicholas,,Choong,,,2/16/1988,,,,,,,,,,,,,
Nathan,Rambert,,Nathan,,,2/17/1988,,,,,,,,,,,,,
Robert,Bozinoski,,Robert,,,2/18/1988,,,,,,,,,,,,,
Ruchir,Ballan,,Ruchir,,,2/19/1988,,,,,,,,,,,,,
Manjinder,Simondson,,Manjinder,,,2/20/1988,,,,,,,,,,,,,
Malik,Fisher,,Malik,,,2/21/1988,,,,,,,,,,,,,
Bruce,Han Chu,,Bruce,,,2/22/1988,,,,,,,,,,,,,
Fiona,Garlick,,Fiona,,,2/23/1988,,,,,,,,,,,,,
Crystal,van Raay,,Crystal,,,2/24/1988,,,,,,,,,,,,,
Heidi,Parekh,,Heidi,,,2/25/1988,,,,,,,,,,,,,
Vicky,Singh Khattra,,Vicky,,,2/26/1988,,,,,,,,,,,,,
Camille,Haris Ali,,Camille,,,2/27/1988,,,,,,,,,,,,,
Tristan,Anderson,,Tristan,,,2/28/1988,,,,,,,,,,,,,
Tony,McKinnon,,Tony,,,2/29/1988,,,,,,,,,,,,,
Simon,Fernandes,,Simon,,,3/1/1988,,,,,,,,,,,,,
Patrick,Holmes,,Patrick,,,3/2/1988,,,,,,,,,,,,,
Pin,Alexiou,,Pin,,,3/3/1988,,,,,,,,,,,,,
Meagan,Mansell,,Meagan,,,3/4/1988,,,,,,,,,,,,,
Simon,Ward,,Simon,,,3/5/1988,,,,,,,,,,,,,
Aman,Simmons,,Aman,,,3/6/1988,,,,,,,,,,,,,
sachin,Beardwood,,sachin,,,3/7/1988,,,,,,,,,,,,,
Laura,Boyle,,Laura,,,3/8/1988,,,,,,,,,,,,,
Stevan,Payments,,Stevan,,,3/9/1988,,,,,,,,,,,,,
Agnes,Wuchatsch,,Agnes,,,3/10/1988,,,,,,,,,,,,,
Karen,Brooks,,Karen,,,3/11/1988,,,,,,,,,,,,,
Sunyoung,Mahal,,Sunyoung,,,3/12/1988,,,,,,,,,,,,,
Rohan,patel,,Rohan,,,3/13/1988,,,,,,,,,,,,,
